-- =============================================================================
-- MOOSING — Supabase schema, storage, indexes, security & seed
-- =============================================================================
-- Project: https://rawxzuztrqmkadagwkdv.supabase.co
--
-- HOW TO RUN
--   Supabase Dashboard ▸ SQL Editor ▸ New query ▸ paste this whole file ▸ Run.
--   The script is IDEMPOTENT: you can run it again safely.
--
-- WHAT IT CREATES
--   • 8 tables matching the app data model (camelCase in app -> snake_case here)
--   • Foreign keys with safe ON DELETE behaviour (orders keep their snapshot)
--   • Performance indexes (B-tree on FKs/status/dates, partial on active promos,
--     GIN + pg_trgm for instant text search on programs)
--   • 2 PUBLIC storage buckets: `media` (program/promotion images) + `logos`
--     (showroom logo). The app stores the PUBLIC URL of each upload in the row.
--   • updated_at triggers
--   • Row Level Security + policies
--   • Seed data identical to the app's mock data (so first load is seamless)
--
-- ⚠️  SECURITY MODEL — READ THIS
--   This app authenticates the admin CLIENT-SIDE (it compares a typed password
--   against a row) and talks to Supabase with the PUBLIC anon key only — there
--   is no Supabase Auth session. The anon key is *designed* to be public; the
--   real protection layer is RLS. But because every request (public visitor AND
--   admin) arrives as the same `anon` role, RLS cannot tell them apart, so the
--   write policies below TRUST THE CLIENT. That matches the app as it exists.
--   To truly lock down admin writes, adopt Supabase Auth and switch the write
--   policies from `to anon` to `to authenticated` (see the HARDENING block at
--   the bottom of this file). Until then, do not store anything sensitive here.
-- =============================================================================

-- ---------------------------------------------------------------------------
-- 0. Extensions
-- ---------------------------------------------------------------------------
create extension if not exists pgcrypto;   -- gen_random_uuid(), digests
create extension if not exists pg_trgm;    -- trigram index for fast ILIKE search

-- ---------------------------------------------------------------------------
-- 1. Shared helper: keep updated_at fresh on every UPDATE
-- ---------------------------------------------------------------------------
create or replace function public.set_updated_at()
returns trigger
language plpgsql
as $$
begin
  new.updated_at := now();
  return new;
end;
$$;

-- ---------------------------------------------------------------------------
-- 2. Tables
-- ---------------------------------------------------------------------------
-- IDs are TEXT and generated by the client (uid('prog'), 'cat_pos', ...). This
-- lets the UI insert optimistically without a server round-trip for the id.

-- Categories ----------------------------------------------------------------
create table if not exists public.categories (
  id          text primary key,
  name        text not null,
  created_at  timestamptz not null default now()
);

-- Programs ------------------------------------------------------------------
create table if not exists public.programs (
  id                text primary key,
  name              text not null,
  description       text not null default '',
  image             text not null default '',  -- PUBLIC URL from `media` bucket
  price_online      integer not null default 0 check (price_online  >= 0),
  price_offline     integer not null default 0 check (price_offline >= 0),
  demo_url_enabled  boolean not null default false,
  demo_url          text not null default '',
  category_id       text references public.categories(id) on delete set null,
  created_at        timestamptz not null default now(),
  updated_at        timestamptz not null default now()
);

-- Promotions ----------------------------------------------------------------
create table if not exists public.promotions (
  id                 text primary key,
  base_program_id    text references public.programs(id) on delete set null,
  name               text not null,
  description        text not null default '',
  image              text not null default '',  -- PUBLIC URL from `media` bucket
  category_id        text references public.categories(id) on delete set null,
  price_online       integer not null default 0 check (price_online      >= 0),
  price_offline      integer not null default 0 check (price_offline     >= 0),
  new_price_online   integer not null default 0 check (new_price_online  >= 0),
  new_price_offline  integer not null default 0 check (new_price_offline >= 0),
  end_date           timestamptz,
  demo_url_enabled   boolean not null default false,
  demo_url           text not null default '',
  active             boolean not null default true,
  created_at         timestamptz not null default now(),
  updated_at         timestamptz not null default now()
);

-- Commands (online/offline orders) ------------------------------------------
create table if not exists public.commands (
  id            text primary key,
  client_name   text not null,
  phone         text not null,
  wilaya        text not null,
  program_id    text references public.programs(id) on delete set null,
  type          text not null default 'online'  check (type   in ('online','offline')),
  price         integer not null default 0 check (price >= 0),
  status        text not null default 'pending' check (status in ('pending','accepted','cancelled')),
  image         text not null default '',  -- snapshot of program image at order time
  program_name  text not null default '',  -- snapshot of program name at order time
  created_at    timestamptz not null default now()
);

-- Custom orders (free-text project requests) --------------------------------
create table if not exists public.custom_orders (
  id           text primary key,
  client_name  text not null,
  phone        text not null,
  wilaya       text not null,
  description  text not null default '',
  created_at   timestamptz not null default now()
);

-- Showroom info (single row) ------------------------------------------------
create table if not exists public.showroom (
  id           smallint primary key default 1 check (id = 1),
  logo         text not null default '',  -- PUBLIC URL from `logos` bucket
  name         text not null default 'MOOSING',
  description  text not null default '',
  email        text not null default '',
  phone        text not null default '',
  address      text not null default '',
  updated_at   timestamptz not null default now()
);

-- Contacts / social links (single row) --------------------------------------
create table if not exists public.contacts (
  id               smallint primary key default 1 check (id = 1),
  facebook_url     text not null default '',
  instagram_url    text not null default '',
  tiktok_url       text not null default '',
  maps_url         text not null default '',
  whatsapp_number  text not null default '',
  updated_at       timestamptz not null default now()
);

-- Admin account (single row) — see SECURITY note at top ---------------------
create table if not exists public.admin_account (
  id          smallint primary key default 1 check (id = 1),
  name        text not null default '',
  username    text not null default '',
  email       text not null default '',
  password    text not null default '',
  updated_at  timestamptz not null default now()
);

-- ---------------------------------------------------------------------------
-- 3. updated_at triggers
-- ---------------------------------------------------------------------------
do $$
declare t text;
begin
  foreach t in array array['programs','promotions','showroom','contacts','admin_account']
  loop
    execute format('drop trigger if exists trg_%1$s_updated on public.%1$s;', t);
    execute format(
      'create trigger trg_%1$s_updated before update on public.%1$s
         for each row execute function public.set_updated_at();', t);
  end loop;
end$$;

-- ---------------------------------------------------------------------------
-- 4. Indexes  ("make the database so fast")
-- ---------------------------------------------------------------------------
-- Programs: filter by category, newest-first ordering, instant text search.
create index if not exists idx_programs_category    on public.programs (category_id);
create index if not exists idx_programs_created_desc on public.programs (created_at desc);
create index if not exists idx_programs_name_trgm    on public.programs using gin (name gin_trgm_ops);
create index if not exists idx_programs_desc_trgm    on public.programs using gin (description gin_trgm_ops);

-- Promotions: filter by category/base program, sort by end date, and a PARTIAL
-- index that only covers active promos (what the public site actually lists).
create index if not exists idx_promotions_category     on public.promotions (category_id);
create index if not exists idx_promotions_base_program on public.promotions (base_program_id);
create index if not exists idx_promotions_end_date     on public.promotions (end_date);
create index if not exists idx_promotions_active       on public.promotions (active) where active;
create index if not exists idx_promotions_created_desc on public.promotions (created_at desc);

-- Commands: dashboard filters by status/type, lists newest-first.
create index if not exists idx_commands_status       on public.commands (status);
create index if not exists idx_commands_type         on public.commands (type);
create index if not exists idx_commands_program      on public.commands (program_id);
create index if not exists idx_commands_created_desc on public.commands (created_at desc);
create index if not exists idx_commands_status_created on public.commands (status, created_at desc);

-- Custom orders: newest-first.
create index if not exists idx_custom_orders_created_desc on public.custom_orders (created_at desc);

-- Categories: stable ordering.
create index if not exists idx_categories_created on public.categories (created_at);

-- ---------------------------------------------------------------------------
-- 5. Storage buckets  (save & display images + logo)
-- ---------------------------------------------------------------------------
-- Two PUBLIC buckets so <img src="..."> works directly off the Supabase CDN.
-- The app uploads a file, then saves the returned public URL in the table.
insert into storage.buckets (id, name, public, file_size_limit, allowed_mime_types)
values
  ('media', 'media', true, 10485760,
     array['image/png','image/jpeg','image/jpg','image/webp','image/gif','image/avif','image/svg+xml']),
  ('logos', 'logos', true,  5242880,
     array['image/png','image/jpeg','image/jpg','image/webp','image/svg+xml'])
on conflict (id) do update
  set public             = excluded.public,
      file_size_limit    = excluded.file_size_limit,
      allowed_mime_types = excluded.allowed_mime_types;

-- Storage policies on storage.objects (RLS is already enabled by Supabase).
drop policy if exists "media_logos_public_read"   on storage.objects;
drop policy if exists "media_logos_anon_insert"    on storage.objects;
drop policy if exists "media_logos_anon_update"    on storage.objects;
drop policy if exists "media_logos_anon_delete"    on storage.objects;

create policy "media_logos_public_read" on storage.objects
  for select to anon, authenticated
  using (bucket_id in ('media','logos'));

create policy "media_logos_anon_insert" on storage.objects
  for insert to anon, authenticated
  with check (bucket_id in ('media','logos'));

create policy "media_logos_anon_update" on storage.objects
  for update to anon, authenticated
  using (bucket_id in ('media','logos'))
  with check (bucket_id in ('media','logos'));

create policy "media_logos_anon_delete" on storage.objects
  for delete to anon, authenticated
  using (bucket_id in ('media','logos'));

-- ---------------------------------------------------------------------------
-- 6. Row Level Security
-- ---------------------------------------------------------------------------
-- Enable RLS everywhere, then grant the access the app needs. See SECURITY note.
alter table public.categories    enable row level security;
alter table public.programs      enable row level security;
alter table public.promotions    enable row level security;
alter table public.commands      enable row level security;
alter table public.custom_orders enable row level security;
alter table public.showroom      enable row level security;
alter table public.contacts      enable row level security;
alter table public.admin_account enable row level security;

-- Catalog + settings: world-readable, client-managed writes.
do $$
declare t text;
begin
  foreach t in array array['categories','programs','promotions','showroom','contacts']
  loop
    execute format('drop policy if exists "%1$s_read"  on public.%1$s;', t);
    execute format('drop policy if exists "%1$s_write" on public.%1$s;', t);
    -- public read
    execute format(
      'create policy "%1$s_read" on public.%1$s
         for select to anon, authenticated using (true);', t);
    -- client-managed write (admin lives client-side -> trust anon; harden later)
    execute format(
      'create policy "%1$s_write" on public.%1$s
         for all to anon, authenticated using (true) with check (true);', t);
  end loop;
end$$;

-- Orders: anyone can CREATE (public site), client (admin) can read/manage.
drop policy if exists "commands_insert" on public.commands;
drop policy if exists "commands_manage" on public.commands;
create policy "commands_insert" on public.commands
  for insert to anon, authenticated with check (true);
create policy "commands_manage" on public.commands
  for all to anon, authenticated using (true) with check (true);

drop policy if exists "custom_orders_insert" on public.custom_orders;
drop policy if exists "custom_orders_manage" on public.custom_orders;
create policy "custom_orders_insert" on public.custom_orders
  for insert to anon, authenticated with check (true);
create policy "custom_orders_manage" on public.custom_orders
  for all to anon, authenticated using (true) with check (true);

-- Admin account: the app reads & edits it client-side (see SECURITY note).
drop policy if exists "admin_account_rw" on public.admin_account;
create policy "admin_account_rw" on public.admin_account
  for all to anon, authenticated using (true) with check (true);

-- ---------------------------------------------------------------------------
-- 7. Seed data  (mirrors src/data/mockData.ts so the first load is identical)
-- ---------------------------------------------------------------------------
-- Categories
insert into public.categories (id, name) values
  ('cat_pos',    'Gestion / POS'),
  ('cat_web',    'Web & E-commerce'),
  ('cat_mobile', 'Applications mobiles'),
  ('cat_market', 'Marketing & Analytics'),
  ('cat_edu',    'Éducation')
on conflict (id) do nothing;

-- Programs (images are Unsplash URLs in the seed; uploads will replace them)
insert into public.programs
  (id, name, description, image, price_online, price_offline, demo_url_enabled, demo_url, category_id)
values
  ('prog_pos','MooPOS — Caisse intelligente','Système de point de vente complet : gestion de stock, factures, codes-barres et rapports en temps réel.','https://images.unsplash.com/photo-1556742049-0cfed4f6a45d?auto=format&fit=crop&w=900&q=70',45000,38000,true,'https://demo.moosing.dz/pos','cat_pos'),
  ('prog_crm','MooCRM — Relation client','Suivez vos prospects, automatisez vos relances et boostez vos ventes avec un CRM moderne et fluide.','https://images.unsplash.com/photo-1551434678-e076c223a692?auto=format&fit=crop&w=900&q=70',52000,44000,true,'https://demo.moosing.dz/crm','cat_pos'),
  ('prog_shop','MooShop — Boutique en ligne','Plateforme e-commerce clé en main : paiement, livraison 58 wilayas, panier et tableau de bord vendeur.','https://images.unsplash.com/photo-1563013544-824ae1b704d3?auto=format&fit=crop&w=900&q=70',78000,65000,true,'https://demo.moosing.dz/shop','cat_web'),
  ('prog_delivery','MooDelivery — Livraison','Application de gestion de livraison avec suivi en direct, affectation des livreurs et notifications.','https://images.unsplash.com/photo-1526367790999-0150786686a2?auto=format&fit=crop&w=900&q=70',60000,50000,false,'','cat_mobile'),
  ('prog_booking','MooBooking — Réservations','Réservez rendez-vous et créneaux en ligne, calendrier synchronisé et rappels automatiques par SMS.','https://images.unsplash.com/photo-1498050108023-c5249f4df085?auto=format&fit=crop&w=900&q=70',40000,33000,true,'https://demo.moosing.dz/booking','cat_web'),
  ('prog_invoice','MooFacture — Facturation','Créez devis et factures conformes, gérez la TVA et exportez votre comptabilité en un clic.','https://images.unsplash.com/photo-1554224155-6726b3ff858f?auto=format&fit=crop&w=900&q=70',35000,28000,false,'','cat_pos'),
  ('prog_school','MooSchool — Gestion scolaire','Inscriptions, emplois du temps, notes et communication parents-enseignants dans une seule plateforme.','https://images.unsplash.com/photo-1503676260728-1c00da094a0b?auto=format&fit=crop&w=900&q=70',68000,57000,true,'https://demo.moosing.dz/school','cat_edu'),
  ('prog_gym','MooFit — Gestion de salle de sport','Abonnements, présence par QR code, suivi des membres et paiements récurrents automatisés.','https://images.unsplash.com/photo-1571902943202-507ec2618e8f?auto=format&fit=crop&w=900&q=70',42000,35000,false,'','cat_pos'),
  ('prog_analytics','MooAnalytics — Tableau de bord','Centralisez vos données et visualisez vos KPI avec des graphiques interactifs et des rapports automatiques.','https://images.unsplash.com/photo-1551288049-bebda4e38f71?auto=format&fit=crop&w=900&q=70',55000,47000,true,'https://demo.moosing.dz/analytics','cat_market')
on conflict (id) do nothing;

-- Promotions
insert into public.promotions
  (id, base_program_id, name, description, image, category_id, price_online, price_offline, new_price_online, new_price_offline, end_date, demo_url_enabled, demo_url, active)
values
  ('promo_shop','prog_shop','MooShop — Offre de lancement','Lancez votre boutique en ligne avec une remise exclusive pour une durée limitée.','https://images.unsplash.com/photo-1563013544-824ae1b704d3?auto=format&fit=crop&w=900&q=70','cat_web',78000,65000,59000,49000, now() + interval '6 days',  true,'https://demo.moosing.dz/shop',true),
  ('promo_pos','prog_pos','MooPOS — Pack Ramadan','Équipez votre commerce avec MooPOS à prix réduit.','https://images.unsplash.com/photo-1556742049-0cfed4f6a45d?auto=format&fit=crop&w=900&q=70','cat_pos',45000,38000,34900,29900, now() + interval '3 days',  true,'https://demo.moosing.dz/pos',true),
  ('promo_realestate',null,'MooImmo — Agence immobilière','Solution complète de gestion immobilière en promotion spéciale ce mois-ci.','https://images.unsplash.com/photo-1560518883-ce09059eeffa?auto=format&fit=crop&w=900&q=70','cat_web',72000,60000,54000,45000, now() + interval '12 days', false,'',true),
  ('promo_school','prog_school','MooSchool — Rentrée scolaire','Offre rentrée : digitalisez votre établissement.','https://images.unsplash.com/photo-1503676260728-1c00da094a0b?auto=format&fit=crop&w=900&q=70','cat_edu',68000,57000,49000,41000, now() + interval '20 days', true,'https://demo.moosing.dz/school',false)
on conflict (id) do nothing;

-- Commands (sample orders)
insert into public.commands
  (id, client_name, phone, wilaya, program_id, type, price, status, image, program_name, created_at)
values
  ('cmd_1','Yacine Belkacem','0550 12 34 56','Alger','prog_pos','online',45000,'pending','https://images.unsplash.com/photo-1556742049-0cfed4f6a45d?auto=format&fit=crop&w=900&q=70','MooPOS — Caisse intelligente', now()),
  ('cmd_2','Amine Toumi','0661 98 76 54','Oran','prog_shop','offline',65000,'accepted','https://images.unsplash.com/photo-1563013544-824ae1b704d3?auto=format&fit=crop&w=900&q=70','MooShop — Boutique en ligne', now() - interval '1 day'),
  ('cmd_3','Lina Haddad','0770 11 22 33','Constantine','prog_crm','online',52000,'pending','https://images.unsplash.com/photo-1551434678-e076c223a692?auto=format&fit=crop&w=900&q=70','MooCRM — Relation client', now() - interval '1 day'),
  ('cmd_4','Sofiane Brahimi','0540 44 55 66','Sétif','prog_booking','online',40000,'accepted','https://images.unsplash.com/photo-1498050108023-c5249f4df085?auto=format&fit=crop&w=900&q=70','MooBooking — Réservations', now() - interval '2 days'),
  ('cmd_5','Nadia Cherif','0699 77 88 99','Annaba','prog_gym','offline',35000,'cancelled','https://images.unsplash.com/photo-1571902943202-507ec2618e8f?auto=format&fit=crop&w=900&q=70','MooFit — Gestion de salle de sport', now() - interval '3 days'),
  ('cmd_6','Karim Saidi','0555 33 22 11','Blida','prog_school','online',68000,'accepted','https://images.unsplash.com/photo-1503676260728-1c00da094a0b?auto=format&fit=crop&w=900&q=70','MooSchool — Gestion scolaire', now() - interval '4 days'),
  ('cmd_7','Imene Belabbas','0660 12 90 80','Tizi Ouzou','prog_analytics','online',55000,'pending','https://images.unsplash.com/photo-1551288049-bebda4e38f71?auto=format&fit=crop&w=900&q=70','MooAnalytics — Tableau de bord', now() - interval '5 days'),
  ('cmd_8','Riad Mansouri','0770 56 78 90','Béjaïa','prog_invoice','offline',28000,'cancelled','https://images.unsplash.com/photo-1554224155-6726b3ff858f?auto=format&fit=crop&w=900&q=70','MooFacture — Facturation', now() - interval '6 days')
on conflict (id) do nothing;

-- Custom orders (sample)
insert into public.custom_orders (id, client_name, phone, wilaya, description, created_at) values
  ('custom_1','Walid Bennacer','0551 23 45 67','Alger','Une application mobile de fidélité pour ma chaîne de cafés avec points et notifications push.', now() - interval '2 days'),
  ('custom_2','Sara Khelifi','0662 34 56 78','Oran','Un site vitrine + système de réservation pour mon cabinet médical, en français et arabe.', now() - interval '4 days')
on conflict (id) do nothing;

-- Singletons
insert into public.showroom (id, logo, name, description, email, phone, address) values
  (1, '', 'MOOSING',
   'MOOSING est votre showroom de programmes nouvelle génération : logiciels de gestion, applications mobiles et solutions web sur mesure pour les entreprises algériennes.',
   'contact@moosing.dz', '+213 770 00 00 00', 'Cité 1000 Logements, Alger, Algérie')
on conflict (id) do nothing;

insert into public.contacts (id, facebook_url, instagram_url, tiktok_url, maps_url, whatsapp_number) values
  (1, 'https://facebook.com/moosing', 'https://instagram.com/moosing', 'https://tiktok.com/@moosing',
   'https://www.google.com/maps?q=Alger,Algeria&output=embed', '+213 770 00 00 00')
on conflict (id) do nothing;

insert into public.admin_account (id, name, username, email, password) values
  (1, 'Administrateur MOOSING', 'admin', 'admin@moosing.dz', 'moosing2026')
on conflict (id) do nothing;

-- Refresh planner statistics so the new indexes are used immediately.
analyze;

-- =============================================================================
-- 8. (OPTIONAL) HARDENING — switch to real admin auth later
-- =============================================================================
-- When you add Supabase Auth for the admin, tighten writes to authenticated
-- users only. Example for one table (repeat per table, and for storage):
--
--   drop policy if exists "programs_write" on public.programs;
--   create policy "programs_write" on public.programs
--     for all to authenticated using (true) with check (true);
--
-- Keep the public "*_read" policies, keep "commands_insert"/"custom_orders_insert"
-- open (so visitors can still order), and move admin_account off the client
-- entirely (verify the password in a SECURITY DEFINER function instead of
-- selecting it). See the SECURITY note at the top of this file.
-- =============================================================================
